{
  "BookedSlots": [
    {
      "BookingId": 301,
      "SlotDate": "02/02/2025",
      "Name": "Gousiya",
      "ContactNumber": "9010690043",
      "Game": "Cricket",
      "Slots": "09.00 AM - 10.00 AM",
      "id": "e9f3"
    },
    {
      "BookingId": 302,
      "SlotDate": "02/03/2025",
      "Name": "Acchukatla",
      "ContactNumber": "8309237043",
      "Game": "Badminton",
      "Slots": "10.00 AM - 11.00 AM",
      "id": "ec3e"
    },
    {
      "id": "438d",
      "BookingId": 1143,
      "SlotDate": "2025-02-06",
      "Name": "Ayiza",
      "ContactNumber": "8309237043",
      "Game": "Football",
      "Slots": "2025-02-06"
    }
  ]
}